period,value,value-units
2023-12-31,246177,megawatthours
2023-12-30,245247,megawatthours
2023-12-29,252927,megawatthours
2023-12-28,258219,megawatthours
2023-12-27,266461,megawatthours
2023-12-26,257972,megawatthours
2023-12-25,241831,megawatthours
2023-12-24,244129,megawatthours
2023-12-23,242305,megawatthours
2023-12-22,256867,megawatthours
2023-12-21,268046,megawatthours
2023-12-20,274574,megawatthours
2023-12-19,269754,megawatthours
2023-12-18,279553,megawatthours
2023-12-17,263933,megawatthours
2023-12-16,255272,megawatthours
2023-12-15,272039,megawatthours
2023-12-14,275863,megawatthours
2023-12-13,271185,megawatthours
2023-12-12,271082,megawatthours
2023-12-11,270617,megawatthours
2023-12-10,261102,megawatthours
2023-12-09,246922,megawatthours
2023-12-08,270250,megawatthours
2023-12-07,270065,megawatthours
2023-12-06,272883,megawatthours
2023-12-05,261843,megawatthours
2023-12-04,257113,megawatthours
2023-12-03,248149,megawatthours
2023-12-02,252953,megawatthours
2023-12-01,268661,megawatthours
2023-11-30,271964,megawatthours
2023-11-29,266995,megawatthours
2023-11-28,268885,megawatthours
2023-11-27,267561,megawatthours
2023-11-26,242113,megawatthours
2023-11-25,235067,megawatthours
2023-11-24,233257,megawatthours
2023-11-23,229477,megawatthours
2023-11-22,259316,megawatthours
2023-11-21,262804,megawatthours
2023-11-20,255645,megawatthours
2023-11-19,231270,megawatthours
2023-11-18,245206,megawatthours
2023-11-17,258892,megawatthours
2023-11-16,258120,megawatthours
2023-11-15,263647,megawatthours
2023-11-14,243707,megawatthours
2023-11-13,250721,megawatthours
2023-11-12,227278,megawatthours
2023-11-11,232405,megawatthours
2023-11-10,252192,megawatthours
2023-11-09,259045,megawatthours
2023-11-08,257996,megawatthours
2023-11-07,255223,megawatthours
2023-11-06,258566,megawatthours
2023-11-05,249941,megawatthours
2023-11-04,242906,megawatthours
2023-11-03,259484,megawatthours
2023-11-02,264822,megawatthours
2023-11-01,256987,megawatthours
2023-10-31,241455,megawatthours
2023-10-30,253088,megawatthours
2023-10-29,225502,megawatthours
2023-10-28,231338,megawatthours
2023-10-27,249941,megawatthours
2023-10-26,251161,megawatthours
2023-10-25,259947,megawatthours
2023-10-24,255708,megawatthours
2023-10-23,260024,megawatthours
2023-10-22,244430,megawatthours
2023-10-21,248330,megawatthours
2023-10-20,279537,megawatthours
2023-10-19,292398,megawatthours
2023-10-18,286725,megawatthours
2023-10-17,277191,megawatthours
2023-10-16,273837,megawatthours
2023-10-15,241806,megawatthours
2023-10-14,245714,megawatthours
2023-10-13,264173,megawatthours
2023-10-12,257105,megawatthours
2023-10-11,250030,megawatthours
2023-10-10,263760,megawatthours
2023-10-09,270783,megawatthours
2023-10-08,268898,megawatthours
2023-10-07,283681,megawatthours
2023-10-06,306953,megawatthours
2023-10-05,300991,megawatthours
2023-10-04,280517,megawatthours
2023-10-03,265512,megawatthours
2023-10-02,257587,megawatthours
2023-10-01,237698,megawatthours
2023-09-30,248754,megawatthours
2023-09-29,272183,megawatthours
2023-09-28,271123,megawatthours
2023-09-27,274374,megawatthours
2023-09-26,276305,megawatthours
2023-09-25,264907,megawatthours
2023-09-24,245283,megawatthours
2023-09-23,247108,megawatthours
2023-09-22,262913,megawatthours
2023-09-21,267265,megawatthours
2023-09-20,276676,megawatthours
2023-09-19,279270,megawatthours
2023-09-18,281995,megawatthours
2023-09-17,258056,megawatthours
2023-09-16,275692,megawatthours
2023-09-15,297273,megawatthours
2023-09-14,298503,megawatthours
2023-09-13,301098,megawatthours
2023-09-12,299388,megawatthours
2023-09-11,295640,megawatthours
2023-09-10,264026,megawatthours
2023-09-09,275252,megawatthours
2023-09-08,294159,megawatthours
2023-09-07,290531,megawatthours
2023-09-06,289551,megawatthours
2023-09-05,289737,megawatthours
2023-09-04,263585,megawatthours
2023-09-03,249055,megawatthours
2023-09-02,268224,megawatthours
2023-09-01,291836,megawatthours
2023-08-31,315181,megawatthours
2023-08-30,327688,megawatthours
2023-08-29,312632,megawatthours
2023-08-28,309254,megawatthours
2023-08-27,270792,megawatthours
2023-08-26,282836,megawatthours
2023-08-25,313564,megawatthours
2023-08-24,345768,megawatthours
2023-08-23,340337,megawatthours
2023-08-22,316111,megawatthours
2023-08-21,313596,megawatthours
2023-08-20,295461,megawatthours
2023-08-19,302228,megawatthours
2023-08-18,343391,megawatthours
2023-08-17,371562,megawatthours
2023-08-16,377398,megawatthours
2023-08-15,370215,megawatthours
2023-08-14,355327,megawatthours
2023-08-13,311276,megawatthours
2023-08-12,303633,megawatthours
2023-08-11,312744,megawatthours
2023-08-10,311277,megawatthours
2023-08-09,307342,megawatthours
2023-08-08,319856,megawatthours
2023-08-07,349930,megawatthours
2023-08-06,317052,megawatthours
2023-08-05,303741,megawatthours
2023-08-04,304535,megawatthours
2023-08-03,297225,megawatthours
2023-08-02,296417,megawatthours
2023-08-01,312062,megawatthours
2023-07-31,316700,megawatthours
2023-07-30,285426,megawatthours
2023-07-29,299949,megawatthours
2023-07-28,318094,megawatthours
2023-07-27,320735,megawatthours
2023-07-26,334642,megawatthours
2023-07-25,334212,megawatthours
2023-07-24,326444,megawatthours
2023-07-23,324363,megawatthours
2023-07-22,335419,megawatthours
2023-07-21,354313,megawatthours
2023-07-20,346912,megawatthours
2023-07-19,339045,megawatthours
2023-07-18,341831,megawatthours
2023-07-17,368522,megawatthours
2023-07-16,339355,megawatthours
2023-07-15,333552,megawatthours
2023-07-14,331938,megawatthours
2023-07-13,316704,megawatthours
2023-07-12,312710,megawatthours
2023-07-11,307023,megawatthours
2023-07-10,278158,megawatthours
2023-07-09,246613,megawatthours
2023-07-08,261023,megawatthours
2023-07-07,281871,megawatthours
2023-07-06,288756,megawatthours
2023-07-05,293875,megawatthours
2023-07-04,281278,megawatthours
2023-07-03,320695,megawatthours
2023-07-02,327082,megawatthours
2023-07-01,335518,megawatthours
2023-06-30,323664,megawatthours
2023-06-29,298623,megawatthours
2023-06-28,277765,megawatthours
2023-06-27,270896,megawatthours
2023-06-26,262379,megawatthours
2023-06-25,234331,megawatthours
2023-06-24,244872,megawatthours
2023-06-23,262083,megawatthours
2023-06-22,263510,megawatthours
2023-06-21,258661,megawatthours
2023-06-20,249969,megawatthours
2023-06-19,249161,megawatthours
2023-06-18,247871,megawatthours
2023-06-17,268994,megawatthours
2023-06-16,284918,megawatthours
2023-06-15,285149,megawatthours
2023-06-14,281831,megawatthours
2023-06-13,271900,megawatthours
2023-06-12,258132,megawatthours
2023-06-11,236602,megawatthours
2023-06-10,244916,megawatthours
2023-06-09,267448,megawatthours
2023-06-08,266861,megawatthours
2023-06-07,261764,megawatthours
2023-06-06,270610,megawatthours
2023-06-05,274949,megawatthours
2023-06-04,256214,megawatthours
2023-06-03,257064,megawatthours
2023-06-02,265514,megawatthours
2023-06-01,261965,megawatthours
2023-05-31,262225,megawatthours
2023-05-30,254989,megawatthours
2023-05-29,238132,megawatthours
2023-05-28,234990,megawatthours
2023-05-27,237088,megawatthours
2023-05-26,261243,megawatthours
2023-05-25,261091,megawatthours
2023-05-24,263261,megawatthours
2023-05-23,271733,megawatthours
2023-05-22,283926,megawatthours
2023-05-21,254641,megawatthours
2023-05-20,257443,megawatthours
2023-05-19,276320,megawatthours
2023-05-18,280464,megawatthours
2023-05-17,283104,megawatthours
2023-05-16,278591,megawatthours
2023-05-15,261705,megawatthours
2023-05-14,244402,megawatthours
2023-05-13,250585,megawatthours
2023-05-12,251326,megawatthours
2023-05-11,239902,megawatthours
2023-05-10,239599,megawatthours
2023-05-09,240106,megawatthours
2023-05-08,241895,megawatthours
2023-05-07,215414,megawatthours
2023-05-06,233523,megawatthours
2023-05-05,259736,megawatthours
2023-05-04,269553,megawatthours
2023-05-03,263372,megawatthours
2023-05-02,259935,megawatthours
2023-05-01,265046,megawatthours
2023-04-30,226230,megawatthours
2023-04-29,243310,megawatthours
2023-04-28,273288,megawatthours
2023-04-27,270671,megawatthours
2023-04-26,258328,megawatthours
2023-04-25,242469,megawatthours
2023-04-24,244565,megawatthours
2023-04-23,217286,megawatthours
2023-04-22,221100,megawatthours
2023-04-21,240254,megawatthours
2023-04-20,242768,megawatthours
2023-04-19,240040,megawatthours
2023-04-18,244600,megawatthours
2023-04-17,245520,megawatthours
2023-04-16,214019,megawatthours
2023-04-15,219122,megawatthours
2023-04-14,235760,megawatthours
2023-04-13,237167,megawatthours
2023-04-12,236881,megawatthours
2023-04-11,235633,megawatthours
2023-04-10,233347,megawatthours
2023-04-09,210946,megawatthours
2023-04-08,223536,megawatthours
2023-04-07,257200,megawatthours
2023-04-06,251257,megawatthours
2023-04-05,252377,megawatthours
2023-04-04,255315,megawatthours
2023-04-03,251199,megawatthours
2023-04-02,229564,megawatthours
2023-04-01,228204,megawatthours
2023-03-31,249611,megawatthours
2023-03-30,262169,megawatthours
2023-03-29,275359,megawatthours
2023-03-28,278073,megawatthours
2023-03-27,248869,megawatthours
2023-03-26,228522,megawatthours
2023-03-25,231270,megawatthours
2023-03-24,250150,megawatthours
2023-03-23,258959,megawatthours
2023-03-22,263052,megawatthours
2023-03-21,271143,megawatthours
2023-03-20,245747,megawatthours
2023-03-19,238741,megawatthours
2023-03-18,232763,megawatthours
2023-03-17,240055,megawatthours
2023-03-16,246431,megawatthours
2023-03-15,250023,megawatthours
2023-03-14,267610,megawatthours
2023-03-13,260339,megawatthours
2023-03-12,240114,megawatthours
2023-03-11,253759,megawatthours
2023-03-10,266419,megawatthours
2023-03-09,289285,megawatthours
2023-03-08,265437,megawatthours
2023-03-07,262431,megawatthours
2023-03-06,266562,megawatthours
2023-03-05,248849,megawatthours
2023-03-04,254228,megawatthours
2023-03-03,253617,megawatthours
2023-03-02,256860,megawatthours
2023-03-01,256460,megawatthours
2023-02-28,279535,megawatthours
2023-02-27,280635,megawatthours
2023-02-26,254023,megawatthours
2023-02-25,257940,megawatthours
2023-02-24,275112,megawatthours
2023-02-23,272709,megawatthours
2023-02-22,260689,megawatthours
2023-02-21,249225,megawatthours
2023-02-20,238782,megawatthours
2023-02-19,228082,megawatthours
2023-02-18,234755,megawatthours
2023-02-17,253598,megawatthours
2023-02-16,270120,megawatthours
2023-02-15,262943,megawatthours
2023-02-14,258993,megawatthours
2023-02-13,247588,megawatthours
2023-02-12,228076,megawatthours
2023-02-11,241969,megawatthours
2023-02-10,253148,megawatthours
2023-02-09,250686,megawatthours
2023-02-08,253359,megawatthours
2023-02-07,260509,megawatthours
2023-02-06,264055,megawatthours
2023-02-05,247096,megawatthours
2023-02-04,251973,megawatthours
2023-02-03,273519,megawatthours
2023-02-02,274206,megawatthours
2023-02-01,268845,megawatthours
2023-01-31,271830,megawatthours
2023-01-30,268173,megawatthours
2023-01-29,261220,megawatthours
2023-01-28,247725,megawatthours
2023-01-27,265194,megawatthours
2023-01-26,261901,megawatthours
2023-01-25,264587,megawatthours
2023-01-24,268692,megawatthours
2023-01-23,267472,megawatthours
2023-01-22,253417,megawatthours
2023-01-21,258200,megawatthours
2023-01-20,272715,megawatthours
2023-01-19,274453,megawatthours
2023-01-18,277304,megawatthours
2023-01-17,272175,megawatthours
2023-01-16,268646,megawatthours
2023-01-15,258705,megawatthours
2023-01-14,255197,megawatthours
2023-01-13,270911,megawatthours
2023-01-12,263114,megawatthours
2023-01-11,283811,megawatthours
2023-01-10,269338,megawatthours
2023-01-09,268003,megawatthours
2023-01-08,244867,megawatthours
2023-01-07,254942,megawatthours
2023-01-06,262297,megawatthours
2023-01-05,270654,megawatthours
2023-01-04,275880,megawatthours
2023-01-03,278030,megawatthours
2023-01-02,274007,megawatthours
2023-01-01,231153,megawatthours
2022-12-31,258479,megawatthours
2022-12-30,265467,megawatthours
2022-12-29,273127,megawatthours
2022-12-28,257812,megawatthours
2022-12-27,271717,megawatthours
2022-12-26,257478,megawatthours
2022-12-25,239671,megawatthours
2022-12-24,249824,megawatthours
2022-12-23,259269,megawatthours
2022-12-22,281764,megawatthours
2022-12-21,284327,megawatthours
2022-12-20,278519,megawatthours
2022-12-19,292934,megawatthours
2022-12-18,265999,megawatthours
2022-12-17,268746,megawatthours
2022-12-16,280852,megawatthours
2022-12-15,281659,megawatthours
2022-12-14,286675,megawatthours
2022-12-13,286872,megawatthours
2022-12-12,269966,megawatthours
2022-12-11,257659,megawatthours
2022-12-10,263432,megawatthours
2022-12-09,269065,megawatthours
2022-12-08,280754,megawatthours
2022-12-07,275984,megawatthours
2022-12-06,273798,megawatthours
2022-12-05,267989,megawatthours
2022-12-04,255031,megawatthours
2022-12-03,272451,megawatthours
2022-12-02,275337,megawatthours
2022-12-01,284090,megawatthours
2022-11-30,268304,megawatthours
2022-11-29,262743,megawatthours
2022-11-28,257080,megawatthours
2022-11-27,233922,megawatthours
2022-11-26,230746,megawatthours
2022-11-25,236472,megawatthours
2022-11-24,226871,megawatthours
2022-11-23,255378,megawatthours
2022-11-22,260586,megawatthours
2022-11-21,258195,megawatthours
2022-11-20,236589,megawatthours
2022-11-19,245095,megawatthours
2022-11-18,257301,megawatthours
2022-11-17,264477,megawatthours
2022-11-16,259088,megawatthours
2022-11-15,262223,megawatthours
2022-11-14,259017,megawatthours
2022-11-13,241477,megawatthours
2022-11-12,238644,megawatthours
2022-11-11,257759,megawatthours
2022-11-10,256228,megawatthours
2022-11-09,259304,megawatthours
2022-11-08,273956,megawatthours
2022-11-07,259840,megawatthours
2022-11-06,249376,megawatthours
2022-11-05,249224,megawatthours
2022-11-04,263695,megawatthours
2022-11-03,258246,megawatthours
2022-11-02,258068,megawatthours
2022-11-01,264623,megawatthours
2022-10-31,260545,megawatthours
2022-10-30,233973,megawatthours
2022-10-29,239825,megawatthours
2022-10-28,264978,megawatthours
2022-10-27,254321,megawatthours
2022-10-26,255863,megawatthours
2022-10-25,257909,megawatthours
2022-10-24,254589,megawatthours
2022-10-23,226496,megawatthours
2022-10-22,244369,megawatthours
2022-10-21,267687,megawatthours
2022-10-20,276180,megawatthours
2022-10-19,283925,megawatthours
2022-10-18,282426,megawatthours
2022-10-17,264772,megawatthours
2022-10-16,245310,megawatthours
2022-10-15,253435,megawatthours
2022-10-14,270933,megawatthours
2022-10-13,271826,megawatthours
2022-10-12,278114,megawatthours
2022-10-11,280233,megawatthours
2022-10-10,281228,megawatthours
2022-10-09,257966,megawatthours
2022-10-08,270023,megawatthours
2022-10-07,288255,megawatthours
2022-10-06,286518,megawatthours
2022-10-05,282371,megawatthours
2022-10-04,276189,megawatthours
2022-10-03,265024,megawatthours
2022-10-02,241349,megawatthours
2022-10-01,259424,megawatthours
2022-09-30,291547,megawatthours
2022-09-29,290144,megawatthours
2022-09-28,281058,megawatthours
2022-09-27,283683,megawatthours
2022-09-26,291336,megawatthours
2022-09-25,269146,megawatthours
2022-09-24,274974,megawatthours
2022-09-23,278935,megawatthours
2022-09-22,274222,megawatthours
2022-09-21,272754,megawatthours
2022-09-20,269805,megawatthours
2022-09-19,264374,megawatthours
2022-09-18,247717,megawatthours
2022-09-17,257228,megawatthours
2022-09-16,279470,megawatthours
2022-09-15,281728,megawatthours
2022-09-14,292232,megawatthours
2022-09-13,307603,megawatthours
2022-09-12,331619,megawatthours
2022-09-11,321559,megawatthours
2022-09-10,342335,megawatthours
2022-09-09,389477,megawatthours
2022-09-08,414485,megawatthours
2022-09-07,415005,megawatthours
2022-09-06,427812,megawatthours
2022-09-05,376576,megawatthours
2022-09-04,330440,megawatthours
2022-09-03,332640,megawatthours
2022-09-02,352201,megawatthours
2022-09-01,348936,megawatthours
2022-08-31,331293,megawatthours
2022-08-30,328232,megawatthours
2022-08-29,314196,megawatthours
2022-08-28,286767,megawatthours
2022-08-27,306008,megawatthours
2022-08-26,330789,megawatthours
2022-08-25,334153,megawatthours
2022-08-24,345881,megawatthours
2022-08-23,349154,megawatthours
2022-08-22,334817,megawatthours
2022-08-21,308507,megawatthours
2022-08-20,331066,megawatthours
2022-08-19,343562,megawatthours
2022-08-18,351472,megawatthours
2022-08-17,366101,megawatthours
2022-08-16,363905,megawatthours
2022-08-15,335671,megawatthours
2022-08-14,292987,megawatthours
2022-08-13,295719,megawatthours
2022-08-12,312417,megawatthours
2022-08-11,318363,megawatthours
2022-08-10,314979,megawatthours
2022-08-09,315295,megawatthours
2022-08-08,308187,megawatthours
2022-08-07,282997,megawatthours
2022-08-06,298828,megawatthours
2022-08-05,330433,megawatthours
2022-08-04,363277,megawatthours
2022-08-03,358538,megawatthours
2022-08-02,349761,megawatthours
2022-08-01,330398,megawatthours
2022-07-31,303197,megawatthours
2022-07-30,315960,megawatthours
2022-07-29,335581,megawatthours
2022-07-28,331658,megawatthours
2022-07-27,327888,megawatthours
2022-07-26,327494,megawatthours
2022-07-25,319952,megawatthours
2022-07-24,295653,megawatthours
2022-07-23,303850,megawatthours
2022-07-22,331835,megawatthours
2022-07-21,334591,megawatthours
2022-07-20,339435,megawatthours
2022-07-19,345466,megawatthours
2022-07-18,350976,megawatthours
2022-07-17,324578,megawatthours
2022-07-16,328933,megawatthours
2022-07-15,328903,megawatthours
2022-07-14,331854,megawatthours
2022-07-13,324207,megawatthours
2022-07-12,338290,megawatthours
2022-07-11,349692,megawatthours
2022-07-10,301634,megawatthours
2022-07-09,295078,megawatthours
2022-07-08,313186,megawatthours
2022-07-07,299502,megawatthours
2022-07-06,300240,megawatthours
2022-07-05,304939,megawatthours
2022-07-04,260182,megawatthours
2022-07-03,250372,megawatthours
2022-07-02,274549,megawatthours
2022-07-01,297305,megawatthours
2022-06-30,303406,megawatthours
2022-06-29,318195,megawatthours
2022-06-28,337025,megawatthours
2022-06-27,332254,megawatthours
2022-06-26,304591,megawatthours
2022-06-25,319349,megawatthours
2022-06-24,348372,megawatthours
2022-06-23,354505,megawatthours
2022-06-22,350146,megawatthours
2022-06-21,350119,megawatthours
2022-06-20,293523,megawatthours
2022-06-19,245959,megawatthours
2022-06-18,251993,megawatthours
2022-06-17,275944,megawatthours
2022-06-16,298927,megawatthours
2022-06-15,309966,megawatthours
2022-06-14,296661,megawatthours
2022-06-13,270778,megawatthours
2022-06-12,289637,megawatthours
2022-06-11,331826,megawatthours
2022-06-10,356312,megawatthours
2022-06-09,318544,megawatthours
2022-06-08,304456,megawatthours
2022-06-07,291202,megawatthours
2022-06-06,284704,megawatthours
2022-06-05,267431,megawatthours
2022-06-04,268344,megawatthours
2022-06-03,292155,megawatthours
2022-06-02,297267,megawatthours
2022-06-01,294265,megawatthours
2022-05-31,274482,megawatthours
2022-05-30,248607,megawatthours
2022-05-29,234430,megawatthours
2022-05-28,254320,megawatthours
2022-05-27,279233,megawatthours
2022-05-26,303837,megawatthours
2022-05-25,338487,megawatthours
2022-05-24,317596,megawatthours
2022-05-23,288886,megawatthours
2022-05-22,251357,megawatthours
2022-05-21,254237,megawatthours
2022-05-20,263248,megawatthours
2022-05-19,292503,megawatthours
2022-05-18,286406,megawatthours
2022-05-17,257384,megawatthours
2022-05-16,254587,megawatthours
2022-05-15,236563,megawatthours
2022-05-14,242289,megawatthours
2022-05-13,250537,megawatthours
2022-05-12,247928,megawatthours
2022-05-11,245138,megawatthours
2022-05-10,249060,megawatthours
2022-05-09,242446,megawatthours
2022-05-08,206833,megawatthours
2022-05-07,224860,megawatthours
2022-05-06,259629,megawatthours
2022-05-05,260363,megawatthours
2022-05-04,259854,megawatthours
2022-05-03,247864,megawatthours
2022-05-02,241457,megawatthours
2022-05-01,209232,megawatthours
2022-04-30,223515,megawatthours
2022-04-29,241431,megawatthours
2022-04-28,241145,megawatthours
2022-04-27,243877,megawatthours
2022-04-26,246548,megawatthours
2022-04-25,241914,megawatthours
2022-04-24,208713,megawatthours
2022-04-23,213982,megawatthours
2022-04-22,237966,megawatthours
2022-04-21,251450,megawatthours
2022-04-20,244669,megawatthours
2022-04-19,246690,megawatthours
2022-04-18,239108,megawatthours
2022-04-17,198560,megawatthours
2022-04-16,219692,megawatthours
2022-04-15,237334,megawatthours
2022-04-14,261232,megawatthours
2022-04-13,249915,megawatthours
2022-04-12,241509,megawatthours
2022-04-11,242560,megawatthours
2022-04-10,204786,megawatthours
2022-04-09,218810,megawatthours
2022-04-08,263904,megawatthours
2022-04-07,266735,megawatthours
2022-04-06,250764,megawatthours
2022-04-05,240421,megawatthours
2022-04-04,238661,megawatthours
2022-04-03,207265,megawatthours
2022-04-02,216018,megawatthours
2022-04-01,231890,megawatthours
2022-03-31,236666,megawatthours
2022-03-30,242736,megawatthours
2022-03-29,237209,megawatthours
2022-03-28,242348,megawatthours
2022-03-27,217347,megawatthours
2022-03-26,222447,megawatthours
2022-03-25,245555,megawatthours
2022-03-24,250895,megawatthours
2022-03-23,249453,megawatthours
2022-03-22,247514,megawatthours
2022-03-21,237597,megawatthours
2022-03-20,209872,megawatthours
2022-03-19,237544,megawatthours
2022-03-18,242930,megawatthours
2022-03-17,249724,megawatthours
2022-03-16,245445,megawatthours
2022-03-15,254996,megawatthours
2022-03-14,241219,megawatthours
2022-03-13,204276,megawatthours
2022-03-12,221495,megawatthours
2022-03-11,242648,megawatthours
2022-03-10,243101,megawatthours
2022-03-09,243414,megawatthours
2022-03-08,247253,megawatthours
2022-03-07,247281,megawatthours
2022-03-06,225469,megawatthours
2022-03-05,239035,megawatthours
2022-03-04,257888,megawatthours
2022-03-03,263052,megawatthours
2022-03-02,249048,megawatthours
2022-03-01,248371,megawatthours
2022-02-28,245821,megawatthours
2022-02-27,220307,megawatthours
2022-02-26,249685,megawatthours
2022-02-25,265467,megawatthours
2022-02-24,273279,megawatthours
2022-02-23,274654,megawatthours
2022-02-22,270412,megawatthours
2022-02-21,243756,megawatthours
2022-02-20,224918,megawatthours
2022-02-19,228865,megawatthours
2022-02-18,249501,megawatthours
2022-02-17,250441,megawatthours
2022-02-16,252687,megawatthours
2022-02-15,253149,megawatthours
2022-02-14,249606,megawatthours
2022-02-13,221208,megawatthours
2022-02-12,229084,megawatthours
2022-02-11,247720,megawatthours
2022-02-10,252152,megawatthours
2022-02-09,256815,megawatthours
2022-02-08,254590,megawatthours
2022-02-07,255434,megawatthours
2022-02-06,229821,megawatthours
2022-02-05,241257,megawatthours
2022-02-04,258810,megawatthours
2022-02-03,264531,megawatthours
2022-02-02,259304,megawatthours
2022-02-01,263041,megawatthours
2022-01-31,270093,megawatthours
2022-01-30,239759,megawatthours
2022-01-29,246881,megawatthours
2022-01-28,264010,megawatthours
2022-01-27,263131,megawatthours
2022-01-26,262044,megawatthours
2022-01-25,260185,megawatthours
2022-01-24,256967,megawatthours
2022-01-23,233564,megawatthours
2022-01-22,235829,megawatthours
2022-01-21,257567,megawatthours
2022-01-20,257096,megawatthours
2022-01-19,257711,megawatthours
2022-01-18,257949,megawatthours
2022-01-17,255610,megawatthours
2022-01-16,235878,megawatthours
2022-01-15,249605,megawatthours
2022-01-14,261373,megawatthours
2022-01-13,263127,megawatthours
2022-01-12,259949,megawatthours
2022-01-11,261117,megawatthours
2022-01-10,260159,megawatthours
2022-01-09,242634,megawatthours
2022-01-08,249972,megawatthours
2022-01-07,268854,megawatthours
2022-01-06,264876,megawatthours
2022-01-05,251817,megawatthours
2022-01-04,264269,megawatthours
2022-01-03,273241,megawatthours
2022-01-02,256038,megawatthours
2022-01-01,249179,megawatthours
2021-12-31,257249,megawatthours
2021-12-30,261590,megawatthours
2021-12-29,275926,megawatthours
2021-12-28,275020,megawatthours
2021-12-27,268510,megawatthours
2021-12-26,261444,megawatthours
2021-12-25,257872,megawatthours
2021-12-24,256313,megawatthours
2021-12-23,271249,megawatthours
2021-12-22,283212,megawatthours
2021-12-21,283155,megawatthours
2021-12-20,292030,megawatthours
2021-12-19,280318,megawatthours
2021-12-18,280208,megawatthours
2021-12-17,287674,megawatthours
2021-12-16,286248,megawatthours
2021-12-15,293055,megawatthours
2021-12-14,290883,megawatthours
2021-12-13,290195,megawatthours
2021-12-12,266859,megawatthours
2021-12-11,259990,megawatthours
2021-12-10,272616,megawatthours
2021-12-09,274833,megawatthours
2021-12-08,280174,megawatthours
2021-12-07,271059,megawatthours
2021-12-06,279065,megawatthours
2021-12-05,252399,megawatthours
2021-12-04,253141,megawatthours
2021-12-03,262256,megawatthours
2021-12-02,261568,megawatthours
2021-12-01,259144,megawatthours
2021-11-30,259255,megawatthours
2021-11-29,255665,megawatthours
2021-11-28,228716,megawatthours
2021-11-27,229812,megawatthours
2021-11-26,229439,megawatthours
2021-11-25,229905,megawatthours
2021-11-24,256242,megawatthours
2021-11-23,258365,megawatthours
2021-11-22,252621,megawatthours
2021-11-21,234972,megawatthours
2021-11-20,243242,megawatthours
2021-11-19,258890,megawatthours
2021-11-18,260978,megawatthours
2021-11-17,256936,megawatthours
2021-11-16,259514,megawatthours
2021-11-15,262780,megawatthours
2021-11-14,236926,megawatthours
2021-11-13,239988,megawatthours
2021-11-12,256699,megawatthours
2021-11-11,256603,megawatthours
2021-11-10,259899,megawatthours
2021-11-09,264464,megawatthours
2021-11-08,256024,megawatthours
2021-11-07,240751,megawatthours
2021-11-06,240405,megawatthours
2021-11-05,251817,megawatthours
2021-11-04,254763,megawatthours
2021-11-03,250621,megawatthours
2021-11-02,262560,megawatthours
2021-11-01,267402,megawatthours
2021-10-31,239821,megawatthours
2021-10-30,246675,megawatthours
2021-10-29,260798,megawatthours
2021-10-28,262500,megawatthours
2021-10-27,262048,megawatthours
2021-10-26,260165,megawatthours
2021-10-25,250258,megawatthours
2021-10-24,249261,megawatthours
2021-10-23,243410,megawatthours
2021-10-22,263205,megawatthours
2021-10-21,272482,megawatthours
2021-10-20,270146,megawatthours
2021-10-19,259909,megawatthours
2021-10-18,258069,megawatthours
2021-10-17,234568,megawatthours
2021-10-16,242718,megawatthours
2021-10-15,263238,megawatthours
2021-10-14,262036,megawatthours
2021-10-13,262223,megawatthours
2021-10-12,252089,megawatthours
2021-10-11,243805,megawatthours
2021-10-10,229797,megawatthours
2021-10-09,238546,megawatthours
2021-10-08,255778,megawatthours
2021-10-07,265697,megawatthours
2021-10-06,271376,megawatthours
2021-10-05,276295,megawatthours
2021-10-04,286805,megawatthours
2021-10-03,258964,megawatthours
2021-10-02,272452,megawatthours
2021-10-01,286687,megawatthours
2021-09-30,280194,megawatthours
2021-09-29,268997,megawatthours
2021-09-28,270276,megawatthours
2021-09-27,275932,megawatthours
2021-09-26,251334,megawatthours
2021-09-25,273194,megawatthours
2021-09-24,309729,megawatthours
2021-09-23,310644,megawatthours
2021-09-22,316117,megawatthours
2021-09-21,313770,megawatthours
2021-09-20,286714,megawatthours
2021-09-19,254357,megawatthours
2021-09-18,263624,megawatthours
2021-09-17,281444,megawatthours
2021-09-16,287944,megawatthours
2021-09-15,300334,megawatthours
2021-09-14,317811,megawatthours
2021-09-13,324597,megawatthours
2021-09-12,294144,megawatthours
2021-09-11,298309,megawatthours
2021-09-10,322822,megawatthours
2021-09-09,348563,megawatthours
2021-09-08,358421,megawatthours
2021-09-07,344285,megawatthours
2021-09-06,314504,megawatthours
2021-09-05,282040,megawatthours
2021-09-04,282468,megawatthours
2021-09-03,292713,megawatthours
2021-09-02,295586,megawatthours
2021-09-01,297678,megawatthours
2021-08-31,296133,megawatthours
2021-08-30,328161,megawatthours
2021-08-29,308416,megawatthours
2021-08-28,318770,megawatthours
2021-08-27,332582,megawatthours
2021-08-26,307961,megawatthours
2021-08-25,296451,megawatthours
2021-08-24,297437,megawatthours
2021-08-23,293376,megawatthours
2021-08-22,268418,megawatthours
2021-08-21,273884,megawatthours
2021-08-20,302256,megawatthours
2021-08-19,310584,megawatthours
2021-08-18,311801,megawatthours
2021-08-17,332075,megawatthours
2021-08-16,355083,megawatthours
2021-08-15,325843,megawatthours
2021-08-14,333286,megawatthours
2021-08-13,338817,megawatthours
2021-08-12,350920,megawatthours
2021-08-11,350528,megawatthours
2021-08-10,347890,megawatthours
2021-08-09,329310,megawatthours
2021-08-08,304747,megawatthours
2021-08-07,317954,megawatthours
2021-08-06,328143,megawatthours
2021-08-05,313515,megawatthours
2021-08-04,328676,megawatthours
2021-08-03,329767,megawatthours
2021-08-02,317279,megawatthours
2021-08-01,297829,megawatthours
2021-07-31,323971,megawatthours
2021-07-30,359028,megawatthours
2021-07-29,357049,megawatthours
2021-07-28,347991,megawatthours
2021-07-27,339487,megawatthours
2021-07-26,319359,megawatthours
2021-07-25,306645,megawatthours
2021-07-24,321377,megawatthours
2021-07-23,336077,megawatthours
2021-07-22,328729,megawatthours
2021-07-21,332633,megawatthours
2021-07-20,339080,megawatthours
2021-07-19,345639,megawatthours
2021-07-18,311788,megawatthours
2021-07-17,313293,megawatthours
2021-07-16,315711,megawatthours
2021-07-15,318736,megawatthours
2021-07-14,322281,megawatthours
2021-07-13,323994,megawatthours
2021-07-12,332149,megawatthours
2021-07-11,332828,megawatthours
2021-07-10,360892,megawatthours
2021-07-09,376407,megawatthours
2021-07-08,346898,megawatthours
2021-07-07,320495,megawatthours
2021-07-06,314594,megawatthours
2021-07-05,301210,megawatthours
2021-07-04,282569,megawatthours
2021-07-03,308147,megawatthours
2021-07-02,328424,megawatthours
2021-07-01,327122,megawatthours
2021-06-30,336278,megawatthours
2021-06-29,334415,megawatthours
2021-06-28,321093,megawatthours
2021-06-27,304641,megawatthours
2021-06-26,310940,megawatthours
2021-06-25,309589,megawatthours
2021-06-24,305730,megawatthours
2021-06-23,310444,megawatthours
2021-06-22,307571,megawatthours
2021-06-21,312193,megawatthours
2021-06-20,305743,megawatthours
2021-06-19,336776,megawatthours
2021-06-18,378579,megawatthours
2021-06-17,366406,megawatthours
2021-06-16,331422,megawatthours
2021-06-15,298940,megawatthours
2021-06-14,300720,megawatthours
2021-06-13,270824,megawatthours
2021-06-12,272564,megawatthours
2021-06-11,264389,megawatthours
2021-06-10,262669,megawatthours
2021-06-09,257700,megawatthours
2021-06-08,264547,megawatthours
2021-06-07,277014,megawatthours
2021-06-06,271180,megawatthours
2021-06-05,291805,megawatthours
2021-06-04,318886,megawatthours
2021-06-03,319741,megawatthours
2021-06-02,313777,megawatthours
2021-06-01,321310,megawatthours
2021-05-31,301147,megawatthours
2021-05-30,259963,megawatthours
2021-05-29,262812,megawatthours
2021-05-28,287633,megawatthours
2021-05-27,281979,megawatthours
2021-05-26,274344,megawatthours
2021-05-25,267277,megawatthours
2021-05-24,261573,megawatthours
2021-05-23,227668,megawatthours
2021-05-22,240791,megawatthours
2021-05-21,256564,megawatthours
2021-05-20,252732,megawatthours
2021-05-19,260943,megawatthours
2021-05-18,272316,megawatthours
2021-05-17,268707,megawatthours
2021-05-16,231554,megawatthours
2021-05-15,247138,megawatthours
2021-05-14,274670,megawatthours
2021-05-13,283259,megawatthours
2021-05-12,285659,megawatthours
2021-05-11,284513,megawatthours
2021-05-10,274604,megawatthours
2021-05-09,245571,megawatthours
2021-05-08,252714,megawatthours
2021-05-07,266498,megawatthours
2021-05-06,270208,megawatthours
2021-05-05,286277,megawatthours
2021-05-04,278423,megawatthours
2021-05-03,261404,megawatthours
2021-05-02,223377,megawatthours
2021-05-01,240008,megawatthours
2021-04-30,267516,megawatthours
2021-04-29,263190,megawatthours
2021-04-28,257233,megawatthours
2021-04-27,243670,megawatthours
2021-04-26,241433,megawatthours
2021-04-25,231917,megawatthours
2021-04-24,236639,megawatthours
2021-04-23,251714,megawatthours
2021-04-22,258751,megawatthours
2021-04-21,252445,megawatthours
2021-04-20,251318,megawatthours
2021-04-19,253272,megawatthours
2021-04-18,225623,megawatthours
2021-04-17,231801,megawatthours
2021-04-16,248265,megawatthours
2021-04-15,248474,megawatthours
2021-04-14,247194,megawatthours
2021-04-13,249406,megawatthours
2021-04-12,244156,megawatthours
2021-04-11,214944,megawatthours
2021-04-10,227887,megawatthours
2021-04-09,240553,megawatthours
2021-04-08,248044,megawatthours
2021-04-07,247618,megawatthours
2021-04-06,244735,megawatthours
2021-04-05,243243,megawatthours
2021-04-04,216060,megawatthours
2021-04-03,228280,megawatthours
2021-04-02,244019,megawatthours
2021-04-01,246437,megawatthours
2021-03-31,247067,megawatthours
2021-03-30,242106,megawatthours
2021-03-29,240029,megawatthours
2021-03-28,217281,megawatthours
2021-03-27,223266,megawatthours
2021-03-26,237292,megawatthours
2021-03-25,240208,megawatthours
2021-03-24,238369,megawatthours
2021-03-23,234689,megawatthours
2021-03-22,238250,megawatthours
2021-03-21,213775,megawatthours
2021-03-20,226953,megawatthours
2021-03-19,250911,megawatthours
2021-03-18,266040,megawatthours
2021-03-17,262735,megawatthours
2021-03-16,256735,megawatthours
2021-03-15,259289,megawatthours
2021-03-14,228499,megawatthours
2021-03-13,231233,megawatthours
2021-03-12,246616,megawatthours
2021-03-11,256796,megawatthours
2021-03-10,272601,megawatthours
2021-03-09,268162,megawatthours
2021-03-08,256343,megawatthours
2021-03-07,221288,megawatthours
2021-03-06,229298,megawatthours
2021-03-05,248391,megawatthours
2021-03-04,250863,megawatthours
2021-03-03,255855,megawatthours
2021-03-02,249627,megawatthours
2021-03-01,245380,megawatthours
2021-02-28,224089,megawatthours
2021-02-27,229714,megawatthours
2021-02-26,247179,megawatthours
2021-02-25,247569,megawatthours
2021-02-24,247059,megawatthours
2021-02-23,246367,megawatthours
2021-02-22,246117,megawatthours
2021-02-21,231324,megawatthours
2021-02-20,240301,megawatthours
2021-02-19,254798,megawatthours
2021-02-18,255828,megawatthours
2021-02-17,253268,megawatthours
2021-02-16,253233,megawatthours
2021-02-15,250621,megawatthours
2021-02-14,235101,megawatthours
2021-02-13,230258,megawatthours
2021-02-12,241969,megawatthours
2021-02-11,262796,megawatthours
2021-02-10,244853,megawatthours
2021-02-09,253304,megawatthours
2021-02-08,249811,megawatthours
2021-02-07,224591,megawatthours
2021-02-06,230891,megawatthours
2021-02-05,248221,megawatthours
2021-02-04,256849,megawatthours
2021-02-03,257893,megawatthours
2021-02-02,251699,megawatthours
2021-02-01,244878,megawatthours
2021-01-31,230176,megawatthours
2021-01-30,240562,megawatthours
2021-01-29,257490,megawatthours
2021-01-28,270991,megawatthours
2021-01-27,273105,megawatthours
2021-01-26,278918,megawatthours
2021-01-25,265297,megawatthours
2021-01-24,252530,megawatthours
2021-01-23,239017,megawatthours
2021-01-22,261511,megawatthours
2021-01-21,254252,megawatthours
2021-01-20,247648,megawatthours
2021-01-19,241009,megawatthours
2021-01-18,238400,megawatthours
2021-01-17,222859,megawatthours
2021-01-16,229647,megawatthours
2021-01-15,247634,megawatthours
2021-01-14,248309,megawatthours
2021-01-13,250707,megawatthours
2021-01-12,265658,megawatthours
2021-01-11,255619,megawatthours
2021-01-10,239516,megawatthours
2021-01-09,242940,megawatthours
2021-01-08,259832,megawatthours
2021-01-07,261602,megawatthours
2021-01-06,264770,megawatthours
2021-01-05,254272,megawatthours
2021-01-04,255953,megawatthours
2021-01-03,232383,megawatthours
2021-01-02,240889,megawatthours
2021-01-01,230282,megawatthours
2020-12-31,244283,megawatthours
2020-12-30,254929,megawatthours
2020-12-29,251067,megawatthours
2020-12-28,253397,megawatthours
2020-12-27,234545,megawatthours
2020-12-26,232043,megawatthours
2020-12-25,241123,megawatthours
2020-12-24,255457,megawatthours
2020-12-23,267814,megawatthours
2020-12-22,265146,megawatthours
2020-12-21,264959,megawatthours
2020-12-20,245166,megawatthours
2020-12-19,248652,megawatthours
2020-12-18,261029,megawatthours
2020-12-17,260463,megawatthours
2020-12-16,266556,megawatthours
2020-12-15,266797,megawatthours
2020-12-14,261578,megawatthours
2020-12-13,251183,megawatthours
2020-12-12,251711,megawatthours
2020-12-11,271734,megawatthours
2020-12-10,262369,megawatthours
2020-12-09,263458,megawatthours
2020-12-08,263039,megawatthours
2020-12-07,261712,megawatthours
2020-12-06,242527,megawatthours
2020-12-05,250784,megawatthours
2020-12-04,262140,megawatthours
2020-12-03,265790,megawatthours
2020-12-02,266149,megawatthours
2020-12-01,267281,megawatthours
2020-11-30,264296,megawatthours
2020-11-29,239423,megawatthours
2020-11-28,239908,megawatthours
2020-11-27,237253,megawatthours
2020-11-26,236200,megawatthours
2020-11-25,255182,megawatthours
2020-11-24,256844,megawatthours
2020-11-23,254451,megawatthours
2020-11-22,235232,megawatthours
2020-11-21,240864,megawatthours
2020-11-20,257598,megawatthours
2020-11-19,252020,megawatthours
2020-11-18,253802,megawatthours
2020-11-17,259120,megawatthours
2020-11-16,244795,megawatthours
2020-11-15,228473,megawatthours
2020-11-14,235037,megawatthours
2020-11-13,264141,megawatthours
2020-11-12,256456,megawatthours
2020-11-11,256386,megawatthours
2020-11-10,259987,megawatthours
2020-11-09,254223,megawatthours
2020-11-08,227242,megawatthours
2020-11-07,228772,megawatthours
2020-11-06,252468,megawatthours
2020-11-05,256336,megawatthours
2020-11-04,254652,megawatthours
2020-11-03,250984,megawatthours
2020-11-02,249053,megawatthours
2020-11-01,237749,megawatthours
2020-10-31,234731,megawatthours
2020-10-30,251956,megawatthours
2020-10-29,254648,megawatthours
2020-10-28,249964,megawatthours
2020-10-27,245599,megawatthours
2020-10-26,239812,megawatthours
2020-10-25,232798,megawatthours
2020-10-24,243392,megawatthours
2020-10-23,256640,megawatthours
2020-10-22,262321,megawatthours
2020-10-21,274624,megawatthours
2020-10-20,274708,megawatthours
2020-10-19,276647,megawatthours
2020-10-18,258933,megawatthours
2020-10-17,277336,megawatthours
2020-10-16,298842,megawatthours
2020-10-15,294222,megawatthours
2020-10-14,287765,megawatthours
2020-10-13,279442,megawatthours
2020-10-12,263778,megawatthours
2020-10-11,239133,megawatthours
2020-10-10,253322,megawatthours
2020-10-09,264833,megawatthours
2020-10-08,260683,megawatthours
2020-10-07,273008,megawatthours
2020-10-06,282024,megawatthours
2020-10-05,284244,megawatthours
2020-10-04,272414,megawatthours
2020-10-03,293031,megawatthours
2020-10-02,315949,megawatthours
2020-10-01,324096,megawatthours
2020-09-30,316523,megawatthours
2020-09-29,317327,megawatthours
2020-09-28,329947,megawatthours
2020-09-27,291371,megawatthours
2020-09-26,282268,megawatthours
2020-09-25,286988,megawatthours
2020-09-24,302554,megawatthours
2020-09-23,295328,megawatthours
2020-09-22,292937,megawatthours
2020-09-21,293880,megawatthours
2020-09-20,271451,megawatthours
2020-09-19,271141,megawatthours
2020-09-18,289559,megawatthours
2020-09-17,297634,megawatthours
2020-09-16,296819,megawatthours
2020-09-15,289078,megawatthours
2020-09-14,288554,megawatthours
2020-09-13,267035,megawatthours
2020-09-12,282968,megawatthours
2020-09-11,283815,megawatthours
2020-09-10,287912,megawatthours
2020-09-09,306763,megawatthours
2020-09-08,331847,megawatthours
2020-09-07,370124,megawatthours
2020-09-06,353163,megawatthours
2020-09-05,330465,megawatthours
2020-09-04,309196,megawatthours
2020-09-03,300139,megawatthours
2020-09-02,301013,megawatthours
2020-09-01,306713,megawatthours
2020-08-31,313422,megawatthours
2020-08-30,288873,megawatthours
2020-08-29,302743,megawatthours
2020-08-28,318410,megawatthours
2020-08-27,314948,megawatthours
2020-08-26,329888,megawatthours
2020-08-25,345040,megawatthours
2020-08-24,354490,megawatthours
2020-08-23,317596,megawatthours
2020-08-22,336186,megawatthours
2020-08-21,344265,megawatthours
2020-08-20,344182,megawatthours
2020-08-19,384358,megawatthours
2020-08-18,404702,megawatthours
2020-08-17,394537,megawatthours
2020-08-16,377351,megawatthours
2020-08-15,380771,megawatthours
2020-08-14,386799,megawatthours
2020-08-13,348170,megawatthours
2020-08-12,329934,megawatthours
2020-08-11,318378,megawatthours
2020-08-10,316014,megawatthours
2020-08-09,305076,megawatthours
2020-08-08,304183,megawatthours
2020-08-07,307167,megawatthours
2020-08-06,296965,megawatthours
2020-08-05,294958,megawatthours
2020-08-04,313783,megawatthours
2020-08-03,322053,megawatthours
2020-08-02,291697,megawatthours
2020-08-01,301501,megawatthours
2020-07-31,315851,megawatthours
2020-07-30,322637,megawatthours
2020-07-29,323016,megawatthours
2020-07-28,324194,megawatthours
2020-07-27,318953,megawatthours
2020-07-26,290922,megawatthours
2020-07-25,295227,megawatthours
2020-07-24,307149,megawatthours
2020-07-23,306787,megawatthours
2020-07-22,305055,megawatthours
2020-07-21,313427,megawatthours
2020-07-20,312355,megawatthours
2020-07-19,294389,megawatthours
2020-07-18,308545,megawatthours
2020-07-17,316813,megawatthours
2020-07-16,316728,megawatthours
2020-07-15,325374,megawatthours
2020-07-14,318913,megawatthours
2020-07-13,333524,megawatthours
2020-07-12,326761,megawatthours
2020-07-11,334080,megawatthours
2020-07-10,336454,megawatthours
2020-07-09,324572,megawatthours
2020-07-08,311629,megawatthours
2020-07-07,296117,megawatthours
2020-07-06,297901,megawatthours
2020-07-05,285208,megawatthours
2020-07-04,283895,megawatthours
2020-07-03,282980,megawatthours
2020-07-02,295778,megawatthours
2020-07-01,303403,megawatthours
2020-06-30,309520,megawatthours
2020-06-29,286420,megawatthours
2020-06-28,260547,megawatthours
2020-06-27,314759,megawatthours
2020-06-26,335124,megawatthours
2020-06-25,337590,megawatthours
2020-06-24,334504,megawatthours
2020-06-23,331850,megawatthours
2020-06-22,321517,megawatthours
2020-06-21,286259,megawatthours
2020-06-20,290089,megawatthours
2020-06-19,308281,megawatthours
2020-06-18,308015,megawatthours
2020-06-17,280466,megawatthours
2020-06-16,269936,megawatthours
2020-06-15,278163,megawatthours
2020-06-14,246645,megawatthours
2020-06-13,248357,megawatthours
2020-06-12,278144,megawatthours
2020-06-11,317677,megawatthours
2020-06-10,312683,megawatthours
2020-06-09,282601,megawatthours
2020-06-08,253863,megawatthours
2020-06-07,221166,megawatthours
2020-06-06,241827,megawatthours
2020-06-05,277206,megawatthours
2020-06-04,339455,megawatthours
2020-06-03,342078,megawatthours
2020-06-02,311645,megawatthours
2020-06-01,272865,megawatthours
2020-05-31,241674,megawatthours
2020-05-30,260817,megawatthours
2020-05-29,294277,megawatthours
2020-05-28,331064,megawatthours
2020-05-27,352470,megawatthours
2020-05-26,338324,megawatthours
2020-05-25,287021,megawatthours
2020-05-24,238545,megawatthours
2020-05-23,235020,megawatthours
2020-05-22,247498,megawatthours
2020-05-21,251169,megawatthours
2020-05-20,243825,megawatthours
2020-05-19,241715,megawatthours
2020-05-18,241682,megawatthours
2020-05-17,234888,megawatthours
2020-05-16,241394,megawatthours
2020-05-15,249748,megawatthours
2020-05-14,254580,megawatthours
2020-05-13,254966,megawatthours
2020-05-12,255772,megawatthours
2020-05-11,254701,megawatthours
2020-05-10,236391,megawatthours
2020-05-09,265246,megawatthours
2020-05-08,283128,megawatthours
2020-05-07,267612,megawatthours
2020-05-06,255258,megawatthours
2020-05-05,247463,megawatthours
2020-05-04,242879,megawatthours
2020-05-03,218218,megawatthours
2020-05-02,236975,megawatthours
2020-05-01,245453,megawatthours
2020-04-30,250226,megawatthours
2020-04-29,261048,megawatthours
2020-04-28,266658,megawatthours
2020-04-27,246965,megawatthours
2020-04-26,223315,megawatthours
2020-04-25,242113,megawatthours
2020-04-24,243272,megawatthours
2020-04-23,240577,megawatthours
2020-04-22,236602,megawatthours
2020-04-21,228112,megawatthours
2020-04-20,231683,megawatthours
2020-04-19,206711,megawatthours
2020-04-18,217364,megawatthours
2020-04-17,228836,megawatthours
2020-04-16,225366,megawatthours
2020-04-15,223131,megawatthours
2020-04-14,217824,megawatthours
2020-04-13,215040,megawatthours
2020-04-12,206262,megawatthours
2020-04-11,214096,megawatthours
2020-04-10,217882,megawatthours
2020-04-09,231250,megawatthours
2020-04-08,232037,megawatthours
2020-04-07,230366,megawatthours
2020-04-06,238600,megawatthours
2020-04-05,231696,megawatthours
2020-04-04,231120,megawatthours
2020-04-03,225852,megawatthours
2020-04-02,228596,megawatthours
2020-04-01,226815,megawatthours
2020-03-31,232443,megawatthours
2020-03-30,234693,megawatthours
2020-03-29,221671,megawatthours
2020-03-28,236239,megawatthours
2020-03-27,241322,megawatthours
2020-03-26,241998,megawatthours
2020-03-25,243219,megawatthours
2020-03-24,250369,megawatthours
2020-03-23,241592,megawatthours
2020-03-22,223000,megawatthours
2020-03-21,232346,megawatthours
2020-03-20,235579,megawatthours
2020-03-19,251394,megawatthours
2020-03-18,257263,megawatthours
2020-03-17,255946,megawatthours
2020-03-16,268475,megawatthours
2020-03-15,242087,megawatthours
2020-03-14,251612,megawatthours
2020-03-13,254700,megawatthours
2020-03-12,242956,megawatthours
2020-03-11,256609,megawatthours
2020-03-10,262468,megawatthours
2020-03-09,260445,megawatthours
2020-03-08,233272,megawatthours
2020-03-07,249591,megawatthours
2020-03-06,262401,megawatthours
2020-03-05,262223,megawatthours
2020-03-04,263004,megawatthours
2020-03-03,261702,megawatthours
2020-03-02,257142,megawatthours
2020-03-01,236825,megawatthours
2020-02-29,236415,megawatthours
2020-02-28,256811,megawatthours
2020-02-27,257515,megawatthours
2020-02-26,260087,megawatthours
2020-02-25,256723,megawatthours
2020-02-24,256287,megawatthours
2020-02-23,232373,megawatthours
2020-02-22,239783,megawatthours
2020-02-21,257075,megawatthours
2020-02-20,258425,megawatthours
2020-02-19,258956,megawatthours
2020-02-18,253002,megawatthours
2020-02-17,243437,megawatthours
2020-02-16,233303,megawatthours
2020-02-15,239555,megawatthours
2020-02-14,260660,megawatthours
2020-02-13,249202,megawatthours
2020-02-12,259656,megawatthours
2020-02-11,266217,megawatthours
2020-02-10,260689,megawatthours
2020-02-09,235928,megawatthours
2020-02-08,246643,megawatthours
2020-02-07,259593,megawatthours
2020-02-06,265753,megawatthours
2020-02-05,270409,megawatthours
2020-02-04,275079,megawatthours
2020-02-03,269325,megawatthours
2020-02-02,242219,megawatthours
2020-02-01,243450,megawatthours
2020-01-31,255104,megawatthours
2020-01-30,260382,megawatthours
2020-01-29,261728,megawatthours
2020-01-28,260949,megawatthours
2020-01-27,257851,megawatthours
2020-01-26,234556,megawatthours
2020-01-25,236227,megawatthours
2020-01-24,258691,megawatthours
2020-01-23,266567,megawatthours
2020-01-22,262458,megawatthours
2020-01-21,267001,megawatthours
2020-01-20,269261,megawatthours
2020-01-19,252563,megawatthours
2020-01-18,251117,megawatthours
2020-01-17,269023,megawatthours
2020-01-16,283002,megawatthours
2020-01-15,270125,megawatthours
2020-01-14,262990,megawatthours
2020-01-13,265073,megawatthours
2020-01-12,249078,megawatthours
2020-01-11,242678,megawatthours
2020-01-10,260182,megawatthours
2020-01-09,266251,megawatthours
2020-01-08,268074,megawatthours
2020-01-07,266943,megawatthours
2020-01-06,259947,megawatthours
2020-01-05,240865,megawatthours
2020-01-04,240974,megawatthours
2020-01-03,253104,megawatthours
2020-01-02,254185,megawatthours
2020-01-01,242092,megawatthours
2019-12-31,255482,megawatthours
2019-12-30,255530,megawatthours
2019-12-29,252644,megawatthours
2019-12-28,250623,megawatthours
2019-12-27,264834,megawatthours
2019-12-26,258851,megawatthours
2019-12-25,250376,megawatthours
2019-12-24,263359,megawatthours
2019-12-23,269589,megawatthours
2019-12-22,264532,megawatthours
2019-12-21,273004,megawatthours
2019-12-20,269525,megawatthours
2019-12-19,236346,megawatthours
2019-12-18,279565,megawatthours
2019-12-17,281430,megawatthours
2019-12-16,273387,megawatthours
2019-12-15,252594,megawatthours
2019-12-14,250350,megawatthours
2019-12-13,271313,megawatthours
2019-12-12,268506,megawatthours
2019-12-11,276981,megawatthours
2019-12-10,271289,megawatthours
2019-12-09,268691,megawatthours
2019-12-08,244348,megawatthours
2019-12-07,251353,megawatthours
2019-12-06,260166,megawatthours
2019-12-05,267818,megawatthours
2019-12-04,272078,megawatthours
2019-12-03,266539,megawatthours
2019-12-02,269261,megawatthours
2019-12-01,259143,megawatthours
2019-11-30,266481,megawatthours
2019-11-29,254226,megawatthours
2019-11-28,248674,megawatthours
2019-11-27,268761,megawatthours
2019-11-26,273906,megawatthours
2019-11-25,261072,megawatthours
2019-11-24,238198,megawatthours
2019-11-23,240193,megawatthours
2019-11-22,258384,megawatthours
2019-11-21,256182,megawatthours
2019-11-20,258935,megawatthours
2019-11-19,255753,megawatthours
2019-11-18,254869,megawatthours
2019-11-17,235348,megawatthours
2019-11-16,239779,megawatthours
2019-11-15,257119,megawatthours
2019-11-14,258963,megawatthours
2019-11-13,248839,megawatthours
2019-11-12,260191,megawatthours
2019-11-11,256763,megawatthours
2019-11-10,237554,megawatthours
2019-11-09,243486,megawatthours
2019-11-08,261743,megawatthours
2019-11-07,263635,megawatthours
2019-11-06,260873,megawatthours
2019-11-05,257018,megawatthours
2019-11-04,255600,megawatthours
2019-11-03,239555,megawatthours
2019-11-02,234672,megawatthours
2019-11-01,255439,megawatthours
2019-10-31,252815,megawatthours
2019-10-30,250709,megawatthours
2019-10-29,241948,megawatthours
2019-10-28,226460,megawatthours
2019-10-27,195052,megawatthours
2019-10-26,236907,megawatthours
2019-10-25,271552,megawatthours
2019-10-24,273464,megawatthours
2019-10-23,268892,megawatthours
2019-10-22,266104,megawatthours
2019-10-21,256871,megawatthours
2019-10-20,225038,megawatthours
2019-10-19,235523,megawatthours
2019-10-18,250677,megawatthours
2019-10-17,253734,megawatthours
2019-10-16,260053,megawatthours
2019-10-15,255222,megawatthours
2019-10-14,249327,megawatthours
2019-10-13,226749,megawatthours
2019-10-12,236875,megawatthours
2019-10-11,252334,megawatthours
2019-10-10,241560,megawatthours
2019-10-09,241667,megawatthours
2019-10-08,271588,megawatthours
2019-10-07,269980,megawatthours
2019-10-06,236370,megawatthours
2019-10-05,238956,megawatthours
2019-10-04,257054,megawatthours
2019-10-03,259147,megawatthours
2019-10-02,258225,megawatthours
2019-10-01,256627,megawatthours
2019-09-30,255569,megawatthours
2019-09-29,237357,megawatthours
2019-09-28,250430,megawatthours
2019-09-27,294787,megawatthours
2019-09-26,325269,megawatthours
2019-09-25,346421,megawatthours
2019-09-24,327846,megawatthours
2019-09-23,282073,megawatthours
2019-09-22,263641,megawatthours
2019-09-21,275107,megawatthours
2019-09-20,284980,megawatthours
2019-09-19,278501,megawatthours
2019-09-18,284248,megawatthours
2019-09-17,280730,megawatthours
2019-09-16,283758,megawatthours
2019-09-15,275919,megawatthours
2019-09-14,309566,megawatthours
2019-09-13,334040,megawatthours
2019-09-12,314951,megawatthours
2019-09-11,293698,megawatthours
2019-09-10,288634,megawatthours
2019-09-09,287918,megawatthours
2019-09-08,264378,megawatthours
2019-09-07,277676,megawatthours
2019-09-06,317661,megawatthours
2019-09-05,324677,megawatthours
2019-09-04,334484,megawatthours
2019-09-03,325912,megawatthours
2019-09-02,313870,megawatthours
2019-09-01,303160,megawatthours
2019-08-31,311610,megawatthours
2019-08-30,320333,megawatthours
2019-08-29,327293,megawatthours
2019-08-28,338467,megawatthours
2019-08-27,351861,megawatthours
2019-08-26,350347,megawatthours
2019-08-25,306771,megawatthours
2019-08-24,320421,megawatthours
2019-08-23,345188,megawatthours
2019-08-22,349737,megawatthours
2019-08-21,321059,megawatthours
2019-08-20,302982,megawatthours
2019-08-19,299826,megawatthours
2019-08-18,276551,megawatthours
2019-08-17,309904,megawatthours
2019-08-16,371960,megawatthours
2019-08-15,383868,megawatthours
2019-08-14,366426,megawatthours
2019-08-13,327577,megawatthours
2019-08-12,320382,megawatthours
2019-08-11,274233,megawatthours
2019-08-10,286228,megawatthours
2019-08-09,296295,megawatthours
2019-08-08,302651,megawatthours
2019-08-07,324523,megawatthours
2019-08-06,338248,megawatthours
2019-08-05,329794,megawatthours
2019-08-04,305605,megawatthours
2019-08-03,315610,megawatthours
2019-08-02,323477,megawatthours
2019-08-01,322316,megawatthours
2019-07-31,324120,megawatthours
2019-07-30,314234,megawatthours
2019-07-29,331448,megawatthours
2019-07-28,336003,megawatthours
2019-07-27,339107,megawatthours
2019-07-26,344926,megawatthours
2019-07-25,353806,megawatthours
2019-07-24,352737,megawatthours
2019-07-23,339417,megawatthours
2019-07-22,338752,megawatthours
2019-07-21,292806,megawatthours
2019-07-20,290940,megawatthours
2019-07-19,312963,megawatthours
2019-07-18,323383,megawatthours
2019-07-17,327461,megawatthours
2019-07-16,326282,megawatthours
2019-07-15,329171,megawatthours
2019-07-14,296326,megawatthours
2019-07-13,313261,megawatthours
2019-07-12,325476,megawatthours
2019-07-11,322886,megawatthours
2019-07-10,307893,megawatthours
2019-07-09,289532,megawatthours
2019-07-08,283218,megawatthours
2019-07-07,266808,megawatthours
2019-07-06,285750,megawatthours
2019-07-05,295314,megawatthours
2019-07-04,245480,megawatthours
2019-07-03,290470,megawatthours
2019-07-02,293758,megawatthours
2019-07-01,288068,megawatthours
2019-06-30,258066,megawatthours
2019-06-29,263334,megawatthours
2019-06-28,267532,megawatthours
2019-06-27,276070,megawatthours
2019-06-26,284437,megawatthours
2019-06-25,307115,megawatthours
2019-06-24,315778,megawatthours
2019-06-23,293475,megawatthours
2019-06-22,282960,megawatthours
2019-06-21,283142,megawatthours
2019-06-20,304959,megawatthours
2019-06-19,325232,megawatthours
2019-06-18,328388,megawatthours
2019-06-17,302019,megawatthours
2019-06-16,256985,megawatthours
2019-06-15,269901,megawatthours
2019-06-14,304675,megawatthours
2019-06-13,325267,megawatthours
2019-06-12,369691,megawatthours
2019-06-11,374557,megawatthours
2019-06-10,350650,megawatthours
2019-06-09,283559,megawatthours
2019-06-08,264921,megawatthours
2019-06-07,268638,megawatthours
2019-06-06,285077,megawatthours
2019-06-05,328105,megawatthours
2019-06-04,314581,megawatthours
2019-06-03,282792,megawatthours
2019-06-02,250789,megawatthours
2019-06-01,255968,megawatthours
2019-05-31,264333,megawatthours
2019-05-30,255866,megawatthours
2019-05-29,255434,megawatthours
2019-05-28,245312,megawatthours
2019-05-27,219939,megawatthours
2019-05-26,209088,megawatthours
2019-05-25,222773,megawatthours
2019-05-24,243499,megawatthours
2019-05-23,248320,megawatthours
2019-05-22,242512,megawatthours
2019-05-21,245147,megawatthours
2019-05-20,242712,megawatthours
2019-05-19,230433,megawatthours
2019-05-18,245223,megawatthours
2019-05-17,249090,megawatthours
2019-05-16,250082,megawatthours
2019-05-15,258287,megawatthours
2019-05-14,258977,megawatthours
2019-05-13,259083,megawatthours
2019-05-12,235255,megawatthours
2019-05-11,237144,megawatthours
2019-05-10,248611,megawatthours
2019-05-09,214460,megawatthours
2019-05-08,250290,megawatthours
2019-05-07,251997,megawatthours
2019-05-06,247489,megawatthours
2019-05-05,212077,megawatthours
2019-05-04,235473,megawatthours
2019-05-03,249450,megawatthours
2019-05-02,247957,megawatthours
2019-05-01,246362,megawatthours
2019-04-30,246459,megawatthours
2019-04-29,241846,megawatthours
2019-04-28,223710,megawatthours
2019-04-27,241641,megawatthours
2019-04-26,268131,megawatthours
2019-04-25,275420,megawatthours
2019-04-24,279172,megawatthours
2019-04-23,263522,megawatthours
2019-04-22,243133,megawatthours
2019-04-21,209373,megawatthours
2019-04-20,235194,megawatthours
2019-04-19,258653,megawatthours
2019-04-18,249781,megawatthours
2019-04-17,238816,megawatthours
2019-04-16,207765,megawatthours
2019-04-15,231074,megawatthours
2019-04-14,200550,megawatthours
2019-04-13,167453,megawatthours
2019-04-12,193186,megawatthours
2019-04-11,217422,megawatthours
2019-04-10,209695,megawatthours
2019-04-09,215247,megawatthours
2019-04-08,220055,megawatthours
2019-04-07,204267,megawatthours
2019-04-06,218517,megawatthours
2019-04-05,222596,megawatthours
2019-04-04,228317,megawatthours
2019-04-03,245964,megawatthours
2019-04-02,244867,megawatthours
2019-04-01,239663,megawatthours
2019-03-31,192441,megawatthours
2019-03-30,230510,megawatthours
2019-03-29,228312,megawatthours
2019-03-28,228312,megawatthours
2019-03-27,219415,megawatthours
2019-03-26,197364,megawatthours
2019-03-25,208220,megawatthours
2019-03-24,184090,megawatthours
2019-03-23,177500,megawatthours
2019-03-22,193165,megawatthours
2019-03-21,185051,megawatthours
2019-03-20,180082,megawatthours
2019-03-19,171819,megawatthours
2019-03-18,175128,megawatthours
2019-03-17,168408,megawatthours
2019-03-16,168408,megawatthours
2019-03-15,168408,megawatthours
2019-03-14,168408,megawatthours
2019-03-13,168408,megawatthours
2019-03-12,168408,megawatthours
2019-03-11,168408,megawatthours
2019-03-10,161391,megawatthours
2019-03-09,168408,megawatthours
2019-03-08,168408,megawatthours
2019-03-07,168408,megawatthours
2019-03-06,168408,megawatthours
2019-03-05,168408,megawatthours
2019-03-04,168408,megawatthours
2019-03-03,168408,megawatthours
2019-03-02,168408,megawatthours
2019-03-01,168408,megawatthours
2019-02-28,168408,megawatthours
2019-02-27,168408,megawatthours
2019-02-26,184634,megawatthours
2019-02-25,236167,megawatthours
2019-02-24,203954,megawatthours
2019-02-23,234703,megawatthours
2019-02-22,254835,megawatthours
2019-02-21,255598,megawatthours
2019-02-20,249417,megawatthours
2019-02-19,217895,megawatthours
2019-02-18,227580,megawatthours
2019-02-17,233139,megawatthours
2019-02-16,234905,megawatthours
2019-02-15,225727,megawatthours
2019-02-14,196546,megawatthours
2019-02-13,221916,megawatthours
2019-02-12,233091,megawatthours
2019-02-11,216954,megawatthours
2019-02-10,193155,megawatthours
2019-02-09,224880,megawatthours
2019-02-08,252705,megawatthours
2019-02-07,209216,megawatthours
2019-02-06,177042,megawatthours
2019-02-05,209034,megawatthours
2019-02-04,262247,megawatthours
2019-02-03,239105,megawatthours
2019-02-02,245320,megawatthours
2019-02-01,259825,megawatthours
2019-01-31,268311,megawatthours
2019-01-30,269644,megawatthours
2019-01-29,270938,megawatthours
2019-01-28,244234,megawatthours
2019-01-27,201652,megawatthours
2019-01-26,209462,megawatthours
2019-01-25,236207,megawatthours
2019-01-24,231245,megawatthours
2019-01-23,235136,megawatthours
2019-01-22,238861,megawatthours
2019-01-21,206212,megawatthours
2019-01-20,201879,megawatthours
2019-01-19,207406,megawatthours
2019-01-18,215454,megawatthours
2019-01-17,242283,megawatthours
2019-01-16,258113,megawatthours
2019-01-15,265156,megawatthours
2019-01-14,256568,megawatthours
2019-01-13,216369,megawatthours
2019-01-12,236928,megawatthours
2019-01-11,258340,megawatthours
2019-01-10,247429,megawatthours
2019-01-09,261387,megawatthours
2019-01-08,258925,megawatthours
2019-01-07,235814,megawatthours
2019-01-06,253493,megawatthours
2019-01-05,257401,megawatthours
2019-01-04,253682,megawatthours
2019-01-03,258229,megawatthours
2019-01-02,257820,megawatthours
2019-01-01,236287,megawatthours
